{
  "model": "gemma-9b",
  "configs": {
    "h0_coton": {
      "history_window": 0,
      "use_cot": true,
      "kappa_type": 0.5166322450235092,
      "kappa_target": 0.4711299153807864,
      "parse_failure_rate": 0.0
    },
    "h0_cotoff": {
      "history_window": 0,
      "use_cot": false,
      "kappa_type": 0.517490952955368,
      "kappa_target": 0.4834775032671603,
      "parse_failure_rate": 0.0
    },
    "h3_coton": {
      "history_window": 3,
      "use_cot": true,
      "kappa_type": 0.5663036817046151,
      "kappa_target": 0.529470811506007,
      "parse_failure_rate": 0.0
    },
    "h3_cotoff": {
      "history_window": 3,
      "use_cot": false,
      "kappa_type": 0.5495909550510156,
      "kappa_target": 0.5613210503227424,
      "parse_failure_rate": 0.0
    },
    "h5_coton": {
      "history_window": 5,
      "use_cot": true,
      "kappa_type": 0.5791487326637972,
      "kappa_target": 0.5369211514392991,
      "parse_failure_rate": 0.0
    },
    "h5_cotoff": {
      "history_window": 5,
      "use_cot": false,
      "kappa_type": 0.5932516755257684,
      "kappa_target": 0.5613622834226274,
      "parse_failure_rate": 0.0
    },
    "h10_coton": {
      "history_window": 10,
      "use_cot": true,
      "kappa_type": 0.5988057473409218,
      "kappa_target": 0.5663241255774488,
      "parse_failure_rate": 0.0
    },
    "h10_cotoff": {
      "history_window": 10,
      "use_cot": false,
      "kappa_type": 0.5748073345734785,
      "kappa_target": 0.5579353713965507,
      "parse_failure_rate": 0.0
    },
    "h-1_coton": {
      "history_window": -1,
      "use_cot": true,
      "kappa_type": 0.6314383119874689,
      "kappa_target": 0.5663650075414781,
      "parse_failure_rate": 0.0
    },
    "h-1_cotoff": {
      "history_window": -1,
      "use_cot": false,
      "kappa_type": 0.6135005168307042,
      "kappa_target": 0.5500140620605607,
      "parse_failure_rate": 0.0
    }
  }
}