{
  "model": "gemma-9b",
  "configs": {
    "h0_coton": {
      "history_window": 0,
      "use_cot": true,
      "kappa": 0.18356050646924515,
      "parse_failure_rate": 0.01
    },
    "h0_cotoff": {
      "history_window": 0,
      "use_cot": false,
      "kappa": 0.1685144124168514,
      "parse_failure_rate": 0.006666666666666667
    },
    "h1_coton": {
      "history_window": 1,
      "use_cot": true,
      "kappa": 0.15681802474255302,
      "parse_failure_rate": 0.01
    },
    "h1_cotoff": {
      "history_window": 1,
      "use_cot": false,
      "kappa": 0.16352137100887476,
      "parse_failure_rate": 0.006666666666666667
    }
  }
}